# x_m, y_m, w_tr_right_m, w_tr_left_m
0.000000000000000000e+00,0.000000000000000000e+00,1.500000000000000000e+00,1.500000000000000000e+00
-3.388605540203787903e-01,9.900587647040234862e-02,1.500000000000000000e+00,1.500000000000000000e+00
-6.777198370735213473e-01,1.980253805339656503e-01,1.500000000000000000e+00,1.500000000000000000e+00
-1.016577990378012553e+00,2.970583709720999721e-01,1.500000000000000000e+00,1.500000000000000000e+00
-1.355435225761715712e+00,3.961047065662300359e-01,1.500000000000000000e+00,1.500000000000000000e+00
-1.694291755052512727e+00,4.951643873163557585e-01,1.500000000000000000e+00,1.500000000000000000e+00
-2.033147719468979542e+00,5.942373426131798420e-01,1.500000000000000000e+00,1.500000000000000000e+00
-2.372003260229700761e+00,6.933233606288342621e-01,1.500000000000000000e+00,1.500000000000000000e+00
-2.710858589162549404e+00,7.924224413633144115e-01,1.500000000000000000e+00,1.500000000000000000e+00
-3.049713918095398046e+00,8.915343729887571511e-01,1.500000000000000000e+00,1.500000000000000000e+00
-3.388569388246821745e+00,9.906592261144403500e-01,1.500000000000000000e+00,1.500000000000000000e+00
-3.727425140835415984e+00,1.089796718303213563e+00,1.500000000000000000e+00,1.500000000000000000e+00
-4.066281458298340645e+00,1.188946920164354326e+00,1.500000000000000000e+00,1.500000000000000000e+00
-4.405138411244882590e+00,1.288109619870000166e+00,1.500000000000000000e+00,1.500000000000000000e+00
-4.743996282112203922e+00,1.387284746810858227e+00,1.500000000000000000e+00,1.500000000000000000e+00
-5.082855141509600827e+00,1.486472230377631210e+00,1.500000000000000000e+00,1.500000000000000000e+00
-5.421715271874234965e+00,1.585671929351743836e+00,1.500000000000000000e+00,1.500000000000000000e+00
-5.760576814424688941e+00,1.684883843733196107e+00,1.500000000000000000e+00,1.500000000000000000e+00
-6.099439910379540919e+00,1.784107761694110339e+00,1.500000000000000000e+00,1.500000000000000000e+00
-6.438304771566671469e+00,1.883343683234491417e+00,1.500000000000000000e+00,1.500000000000000000e+00
-6.777171539204656092e+00,1.982591396526461880e+00,1.500000000000000000e+00,1.500000000000000000e+00
-7.116040495730655557e+00,2.081850901570026391e+00,1.500000000000000000e+00,1.500000000000000000e+00
-7.454911711753977599e+00,2.181122057146595239e+00,1.500000000000000000e+00,1.500000000000000000e+00
-7.793785399102474365e+00,2.280404792646890222e+00,1.500000000000000000e+00,1.500000000000000000e+00
-8.132661698994741784e+00,2.379699037461604494e+00,1.500000000000000000e+00,1.500000000000000000e+00
-8.471540893867938848e+00,2.479004650372172325e+00,1.500000000000000000e+00,1.500000000000000000e+00
-8.810423054331353754e+00,2.578321490159999119e+00,1.500000000000000000e+00,1.500000000000000000e+00
-9.149308462822157040e+00,2.677649486215802010e+00,1.500000000000000000e+00,1.500000000000000000e+00
-9.488197189949627131e+00,2.776988638539575671e+00,1.500000000000000000e+00,1.500000000000000000e+00
-9.827089518150941672e+00,2.876338735303452854e+00,1.500000000000000000e+00,1.500000000000000000e+00
-1.016598558864467883e+01,2.975699776507428673e+00,1.500000000000000000e+00,1.500000000000000000e+00
-1.050488547204012413e+01,3.075071550323630110e+00,1.500000000000000000e+00,1.500000000000000000e+00
-1.084378952138374608e+01,3.174454056752057163e+00,1.500000000000000000e+00,1.500000000000000000e+00
-1.118269780728482310e+01,3.273847083964841698e+00,1.500000000000000000e+00,1.500000000000000000e+00
-1.152161054157122599e+01,3.373250702571272353e+00,1.500000000000000000e+00,1.500000000000000000e+00
-1.186052793607083800e+01,3.472664700743470778e+00,1.500000000000000000e+00,1.500000000000000000e+00
-1.219945013200222661e+01,3.572089007872154109e+00,1.500000000000000000e+00,1.500000000000000000e+00
-1.253837727058399309e+01,3.671523482738737965e+00,1.500000000000000000e+00,1.500000000000000000e+00
-1.287730956364399404e+01,3.770968125343221455e+00,1.500000000000000000e+00,1.500000000000000000e+00
-1.321624722301010912e+01,3.870422723857728009e+00,1.500000000000000000e+00,1.500000000000000000e+00
-1.355519038990092540e+01,3.969887278282261622e+00,1.500000000000000000e+00,1.500000000000000000e+00
-1.389413927614430477e+01,4.069361718007529660e+00,1.500000000000000000e+00,1.500000000000000000e+00
-1.423309402295883785e+01,4.168845760596372685e+00,1.500000000000000000e+00,1.500000000000000000e+00
-1.457205470095380484e+01,4.268339476658077558e+00,1.500000000000000000e+00,1.500000000000000000e+00
-1.491101728539963389e+01,4.367842230709026552e+00,1.500000000000000000e+00,1.500000000000000000e+00
-1.524997351500928033e+01,4.467352822391271516e+00,1.500000000000000000e+00,1.500000000000000000e+00
-1.558891498727711422e+01,4.566870051346867854e+00,1.500000000000000000e+00,1.500000000000000000e+00
-1.592783301726033507e+01,4.666392858436451796e+00,1.500000000000000000e+00,1.500000000000000000e+00
-1.626671927306263044e+01,4.765920043302075193e+00,1.500000000000000000e+00,1.500000000000000000e+00
-1.660556521095977445e+01,4.865450334976501701e+00,1.500000000000000000e+00,1.500000000000000000e+00
-1.694436235783686584e+01,4.964982674320362221e+00,1.500000000000000000e+00,1.500000000000000000e+00
-1.728310209936040209e+01,5.064515860975719264e+00,1.500000000000000000e+00,1.500000000000000000e+00
-1.762177603302475859e+01,5.164048765193911095e+00,1.500000000000000000e+00,1.500000000000000000e+00
-1.796037568571500387e+01,5.263580116007700482e+00,1.500000000000000000e+00,1.500000000000000000e+00
-1.829889251370695291e+01,5.363108854277725435e+00,1.500000000000000000e+00,1.500000000000000000e+00
-1.863731797327639228e+01,5.462633709036744278e+00,1.500000000000000000e+00,1.500000000000000000e+00
-1.897564366191767604e+01,5.562153621145398574e+00,1.500000000000000000e+00,1.500000000000000000e+00
-1.931386103590662984e+01,5.661667319636445761e+00,1.500000000000000000e+00,1.500000000000000000e+00
-1.965196155151902957e+01,5.761173745370528287e+00,1.500000000000000000e+00,1.500000000000000000e+00
-1.998993680624925062e+01,5.860671627380400039e+00,1.500000000000000000e+00,1.500000000000000000e+00
-2.032777825637308666e+01,5.960159835917409943e+00,1.500000000000000000e+00,1.500000000000000000e+00
-2.066547735816632780e+01,6.059637170623608959e+00,1.500000000000000000e+00,1.500000000000000000e+00
-2.100302570912336009e+01,6.159102572359633321e+00,1.500000000000000000e+00,1.500000000000000000e+00
-2.134041469491066678e+01,6.258554699548954048e+00,1.500000000000000000e+00,1.500000000000000000e+00
-2.167763598363193012e+01,6.357992563661501784e+00,1.500000000000000000e+00,1.500000000000000000e+00
-2.201468089034435494e+01,6.457414893730042849e+00,1.500000000000000000e+00,1.500000000000000000e+00
-2.235154362508608017e+01,6.556820277568742306e+00,1.500000000000000000e+00,1.500000000000000000e+00
-2.268847626302586562e+01,6.656185202283719349e+00,1.500000000000000000e+00,1.500000000000000000e+00
-2.302620452645627935e+01,6.755445342810902254e+00,1.500000000000000000e+00,1.500000000000000000e+00
-2.336550490575009675e+01,6.854532137528755342e+00,1.500000000000000000e+00,1.500000000000000000e+00
-2.370715396188939650e+01,6.953376883597171876e+00,1.500000000000000000e+00,1.500000000000000000e+00
-2.405192818524694331e+01,7.051911019394617952e+00,1.500000000000000000e+00,1.500000000000000000e+00
-2.440059149774172553e+01,7.150031172919118383e+00,1.500000000000000000e+00,1.500000000000000000e+00
-2.475265980207487004e+01,7.244195087870673788e+00,1.500000000000000000e+00,1.500000000000000000e+00
-2.510535928285997898e+01,7.324551002926940058e+00,1.500000000000000000e+00,1.500000000000000000e+00
-2.545567096925240946e+01,7.380571214023153637e+00,1.500000000000000000e+00,1.500000000000000000e+00
-2.580057574918895824e+01,7.401728228922404007e+00,1.500000000000000000e+00,1.500000000000000000e+00
-2.613705458121568981e+01,7.377494414169214920e+00,1.500000000000000000e+00,1.500000000000000000e+00
-2.646231006644303108e+01,7.298431708277028029e+00,1.500000000000000000e+00,1.500000000000000000e+00
-2.677605538993106649e+01,7.167439328732997161e+00,1.500000000000000000e+00,1.500000000000000000e+00
-2.707959216334949559e+01,6.995222773796556659e+00,1.500000000000000000e+00,1.500000000000000000e+00
-2.737424685283846415e+01,6.792610543112005850e+00,1.500000000000000000e+00,1.500000000000000000e+00
-2.766134627758453846e+01,6.570431418760811049e+00,1.500000000000000000e+00,1.500000000000000000e+00
-2.794221704494644243e+01,6.339514041605840866e+00,1.500000000000000000e+00,1.500000000000000000e+00
-2.821832182638657471e+01,6.110258948378843868e+00,1.500000000000000000e+00,1.500000000000000000e+00
-2.849262592968843322e+01,5.888340089874152916e+00,1.500000000000000000e+00,1.500000000000000000e+00
-2.876902719954134113e+01,5.676496753534875594e+00,1.500000000000000000e+00,1.500000000000000000e+00
-2.905143774371138221e+01,5.477424307825141447e+00,1.500000000000000000e+00,1.500000000000000000e+00
-2.934376945813678716e+01,5.293818121209082683e+00,1.500000000000000000e+00,1.500000000000000000e+00
-2.964993374449072761e+01,5.128373420932234694e+00,1.500000000000000000e+00,1.500000000000000000e+00
-2.997223048859862615e+01,4.983916273256318696e+00,1.500000000000000000e+00,1.500000000000000000e+00
-3.030791270660465386e+01,4.863681925284200069e+00,1.500000000000000000e+00,1.500000000000000000e+00
-3.065324735590462168e+01,4.770985200789676028e+00,1.500000000000000000e+00,1.500000000000000000e+00
-3.100450181755006795e+01,4.709141347202281835e+00,1.500000000000000000e+00,1.500000000000000000e+00
-3.135794311954608560e+01,4.681465258905101123e+00,1.500000000000000000e+00,1.500000000000000000e+00
-3.170983864294422716e+01,4.691271406625474150e+00,1.500000000000000000e+00,1.500000000000000000e+00
-3.205667006799412633e+01,4.740637186312969931e+00,1.500000000000000000e+00,1.500000000000000000e+00
-3.239558640335437190e+01,4.827791716950112111e+00,1.500000000000000000e+00,1.500000000000000000e+00
-3.272386587268600522e+01,4.950218200969626281e+00,1.500000000000000000e+00,1.500000000000000000e+00
-3.303878684086866713e+01,5.105399911413536884e+00,1.500000000000000000e+00,1.500000000000000000e+00
-3.333762760217267385e+01,5.290819838886697823e+00,1.500000000000000000e+00,1.500000000000000000e+00
-3.361769681286351386e+01,5.503960409119640573e+00,1.500000000000000000e+00,1.500000000000000000e+00
-3.387704530346398002e+01,5.742282794446315286e+00,1.500000000000000000e+00,1.500000000000000000e+00
-3.411448987408533640e+01,6.003226207711175988e+00,1.500000000000000000e+00,1.500000000000000000e+00
-3.432888255887502282e+01,6.284229085056480812e+00,1.500000000000000000e+00,1.500000000000000000e+00
-3.451907532137118295e+01,6.582729580187315577e+00,1.500000000000000000e+00,1.500000000000000000e+00
-3.468392019572124241e+01,6.896166129245946408e+00,1.500000000000000000e+00,1.500000000000000000e+00
-3.482226914546337326e+01,7.221976885937460899e+00,1.500000000000000000e+00,1.500000000000000000e+00
-3.493297434596359352e+01,7.557600357013406267e+00,1.500000000000000000e+00,1.500000000000000000e+00
-3.501488761954145446e+01,7.900474696178870992e+00,1.500000000000000000e+00,1.500000000000000000e+00
-3.506686107095370630e+01,8.248038268966823239e+00,1.500000000000000000e+00,1.500000000000000000e+00
-3.508774673434776048e+01,8.597729440910230281e+00,1.500000000000000000e+00,1.500000000000000000e+00
-3.507639664387107814e+01,8.946986365714186817e+00,1.500000000000000000e+00,1.500000000000000000e+00
-3.503195127262470265e+01,9.293300789535619444e+00,1.500000000000000000e+00,1.500000000000000000e+00
-3.495514552210901371e+01,9.634458616837651590e+00,1.500000000000000000e+00,1.500000000000000000e+00
-3.484726201009448232e+01,9.968347147025212962e+00,1.500000000000000000e+00,1.500000000000000000e+00
-3.470958370739796806e+01,1.029285360889396550e+01,1.500000000000000000e+00,1.500000000000000000e+00
-3.454339372605494418e+01,1.060586523123954805e+01,1.500000000000000000e+00,1.500000000000000000e+00
-3.434997503688232712e+01,1.090526938407620072e+01,1.500000000000000000e+00,1.500000000000000000e+00
-3.413071504183832872e+01,1.118867537803030210e+01,1.500000000000000000e+00,1.500000000000000000e+00
-3.388756891218987732e+01,1.145218134368298735e+01,1.500000000000000000e+00,1.500000000000000000e+00
-3.362268387647529977e+01,1.169137384730226081e+01,1.500000000000000000e+00,1.500000000000000000e+00
-3.333820737506081855e+01,1.190183896089112991e+01,1.500000000000000000e+00,1.500000000000000000e+00
-3.303628677770335287e+01,1.207916289767116780e+01,1.500000000000000000e+00,1.500000000000000000e+00
-3.271907227853146338e+01,1.221897663715443905e+01,1.500000000000000000e+00,1.500000000000000000e+00
-3.238891905044541630e+01,1.232027223171236052e+01,1.500000000000000000e+00,1.500000000000000000e+00
-3.204852662785747697e+01,1.238767917950726094e+01,1.500000000000000000e+00,1.500000000000000000e+00
-3.170062709606309781e+01,1.242636558637299338e+01,1.500000000000000000e+00,1.500000000000000000e+00
-3.134795282279486628e+01,1.244149962875265203e+01,1.500000000000000000e+00,1.500000000000000000e+00
-3.099323596395751323e+01,1.243824934187080800e+01,1.500000000000000000e+00,1.500000000000000000e+00
-3.063903370563272688e+01,1.242160355457150978e+01,1.500000000000000000e+00,1.500000000000000000e+00
-3.028613044643388363e+01,1.239473474229797034e+01,1.500000000000000000e+00,1.500000000000000000e+00
-2.993428046602841164e+01,1.235975991281198816e+01,1.500000000000000000e+00,1.500000000000000000e+00
-2.958322533441137381e+01,1.231878322298442896e+01,1.500000000000000000e+00,1.500000000000000000e+00
-2.923270676279639702e+01,1.227390868846753769e+01,1.500000000000000000e+00,1.500000000000000000e+00
-2.888246625056925865e+01,1.222724004247644558e+01,1.500000000000000000e+00,1.500000000000000000e+00
-2.853230284368785874e+01,1.218040793597675808e+01,1.500000000000000000e+00,1.500000000000000000e+00
-2.818218286152040264e+01,1.213366190220276764e+01,1.500000000000000000e+00,1.500000000000000000e+00
-2.783210305603950374e+01,1.208700052896864463e+01,1.500000000000000000e+00,1.500000000000000000e+00
-2.748206017921778255e+01,1.204042240408856657e+01,1.500000000000000000e+00,1.500000000000000000e+00
-2.713205098302785601e+01,1.199392618598602134e+01,1.500000000000000000e+00,1.500000000000000000e+00
-2.678207221944233041e+01,1.194751046247517401e+01,1.500000000000000000e+00,1.500000000000000000e+00
-2.643212056982454428e+01,1.190117382137020741e+01,1.500000000000000000e+00,1.500000000000000000e+00
-2.608219285675638943e+01,1.185491492109460410e+01,1.500000000000000000e+00,1.500000000000000000e+00
-2.573228583221049348e+01,1.180873242007182355e+01,1.500000000000000000e+00,1.500000000000000000e+00
-2.538239617755017719e+01,1.176262490611606104e+01,1.500000000000000000e+00,1.500000000000000000e+00
-2.503252064474805394e+01,1.171659096704147807e+01,1.500000000000000000e+00,1.500000000000000000e+00
-2.468265605638602622e+01,1.167062919066226989e+01,1.500000000000000000e+00,1.500000000000000000e+00
-2.433279909382742900e+01,1.162473830601118330e+01,1.500000000000000000e+00,1.500000000000000000e+00
-2.398294650904486502e+01,1.157891683029312979e+01,1.500000000000000000e+00,1.500000000000000000e+00
-2.363309512462024742e+01,1.153316342193156174e+01,1.500000000000000000e+00,1.500000000000000000e+00
-2.328324155130761497e+01,1.148747673934995817e+01,1.500000000000000000e+00,1.500000000000000000e+00
-2.293338268229815569e+01,1.144185529975321991e+01,1.500000000000000000e+00,1.500000000000000000e+00
-2.258351512834591190e+01,1.139629776156479224e+01,1.500000000000000000e+00,1.500000000000000000e+00
-2.223363578264207518e+01,1.135080278320817193e+01,1.500000000000000000e+00,1.500000000000000000e+00
-2.188374125594067721e+01,1.130536895249753826e+01,1.500000000000000000e+00,1.500000000000000000e+00
-2.153382837082362755e+01,1.125999485724704918e+01,1.500000000000000000e+00,1.500000000000000000e+00
-2.118389387926354672e+01,1.121467915588019970e+01,1.500000000000000000e+00,1.500000000000000000e+00
-2.083393446262375193e+01,1.116942043621115843e+01,1.500000000000000000e+00,1.500000000000000000e+00
-2.048394694348614919e+01,1.112421735666339373e+01,1.500000000000000000e+00,1.500000000000000000e+00
-2.013392800321406639e+01,1.107906850505110441e+01,1.500000000000000000e+00,1.500000000000000000e+00
-1.978387439378012402e+01,1.103397253979774284e+01,1.500000000000000000e+00,1.500000000000000000e+00
-1.943378293776621391e+01,1.098892804871750073e+01,1.500000000000000000e+00,1.500000000000000000e+00
-1.908365038714496720e+01,1.094393354901525939e+01,1.500000000000000000e+00,1.500000000000000000e+00
-1.873347335267040492e+01,1.089898784033308665e+01,1.500000000000000000e+00,1.500000000000000000e+00
-1.838324872753373285e+01,1.085408943987584784e+01,1.500000000000000000e+00,1.500000000000000000e+00
-1.803297312248897910e+01,1.080923693545775066e+01,1.500000000000000000e+00,1.500000000000000000e+00
-1.768264343072734590e+01,1.076442905611154544e+01,1.500000000000000000e+00,1.500000000000000000e+00
-1.733225626300286493e+01,1.071966424843281906e+01,1.500000000000000000e+00,1.500000000000000000e+00
-1.698180844189744576e+01,1.067494131206365182e+01,1.500000000000000000e+00,1.500000000000000000e+00
-1.663129671938369825e+01,1.063025876420890548e+01,1.500000000000000000e+00,1.500000000000000000e+00
-1.628071784743423578e+01,1.058561526329206437e+01,1.500000000000000000e+00,1.500000000000000000e+00
-1.593006857802167708e+01,1.054100939712732021e+01,1.500000000000000000e+00,1.500000000000000000e+00
-1.557934559250935358e+01,1.049643975352883807e+01,1.500000000000000000e+00,1.500000000000000000e+00
-1.522854564286987511e+01,1.045190499092009517e+01,1.500000000000000000e+00,1.500000000000000000e+00
-1.487766555168514415e+01,1.040740376772455811e+01,1.500000000000000000e+00,1.500000000000000000e+00
-1.452670200031849035e+01,1.036293460114712417e+01,1.500000000000000000e+00,1.500000000000000000e+00
-1.417565181135181618e+01,1.031849614961125816e+01,1.500000000000000000e+00,1.500000000000000000e+00
-1.382451166614844951e+01,1.027408714214972818e+01,1.500000000000000000e+00,1.500000000000000000e+00
-1.347327831668100906e+01,1.022970602535813356e+01,1.500000000000000000e+00,1.500000000000000000e+00
-1.312194851492209757e+01,1.018535145765993910e+01,1.500000000000000000e+00,1.500000000000000000e+00
-1.277051901284434798e+01,1.014102216808791290e+01,1.500000000000000000e+00,1.500000000000000000e+00
-1.241905441794898479e+01,1.009725478725340864e+01,1.500000000000000000e+00,1.500000000000000000e+00
-1.206830135287870753e+01,1.005999722999971802e+01,1.500000000000000000e+00,1.500000000000000000e+00
-1.171940072255697451e+01,1.003832462605781473e+01,1.500000000000000000e+00,1.500000000000000000e+00
-1.137349816272976000e+01,1.004135023417580541e+01,1.500000000000000000e+00,1.500000000000000000e+00
-1.103173945036159154e+01,1.007818724249249165e+01,1.500000000000000000e+00,1.500000000000000000e+00
-1.069527015058913655e+01,1.015794890975596587e+01,1.500000000000000000e+00,1.500000000000000000e+00
-1.036566287354085070e+01,1.028849609772044182e+01,1.500000000000000000e+00,1.500000000000000000e+00
-1.004871393591229456e+01,1.046529907915171798e+01,1.500000000000000000e+00,1.500000000000000000e+00
-9.752629973155560350e+00,1.067675667693444375e+01,1.500000000000000000e+00,1.500000000000000000e+00
-9.484543794625645674e+00,1.091262891986452033e+01,1.500000000000000000e+00,1.500000000000000000e+00
-9.245942855646095637e+00,1.117007152448317342e+01,1.500000000000000000e+00,1.500000000000000000e+00
-9.036511744514166722e+00,1.144860117019373646e+01,1.500000000000000000e+00,1.500000000000000000e+00
-8.856314503856761888e+00,1.174712468395343379e+01,1.500000000000000000e+00,1.500000000000000000e+00
-8.706486107416896658e+00,1.206282560236411427e+01,1.500000000000000000e+00,1.500000000000000000e+00
-8.588349067214402055e+00,1.239258610157380858e+01,1.500000000000000000e+00,1.500000000000000000e+00
-8.503225824659839560e+00,1.273328821651192655e+01,1.500000000000000000e+00,1.500000000000000000e+00
-8.452438750554437163e+00,1.308181412332648819e+01,1.500000000000000000e+00,1.500000000000000000e+00
-8.437309933262309158e+00,1.343504522146329805e+01,1.500000000000000000e+00,1.500000000000000000e+00
-8.458864972734742693e+00,1.378935953673284409e+01,1.500000000000000000e+00,1.500000000000000000e+00
-8.517304469967395875e+00,1.413973463026857225e+01,1.500000000000000000e+00,1.500000000000000000e+00
-8.612686536406737758e+00,1.448090636760091954e+01,1.500000000000000000e+00,1.500000000000000000e+00
-8.745069565936381295e+00,1.480761054365105522e+01,1.500000000000000000e+00,1.500000000000000000e+00
-8.914511599393525998e+00,1.511458302394942343e+01,1.500000000000000000e+00,1.500000000000000000e+00
-9.120948029276906510e+00,1.539665824459665799e+01,1.500000000000000000e+00,1.500000000000000000e+00
-9.361820257319028116e+00,1.565066782548844593e+01,1.500000000000000000e+00,1.500000000000000000e+00
-9.632248969686092011e+00,1.587530231732376862e+01,1.500000000000000000e+00,1.500000000000000000e+00
-9.927266590930642565e+00,1.606932302131118817e+01,1.500000000000000000e+00,1.500000000000000000e+00
-1.024190540438658203e+01,1.623149116804993852e+01,1.500000000000000000e+00,1.500000000000000000e+00
-1.057119783460644236e+01,1.636056812935787619e+01,1.500000000000000000e+00,1.500000000000000000e+00
-1.091022968676671567e+01,1.645571083030082704e+01,1.500000000000000000e+00,1.500000000000000000e+00
-1.125514710576634592e+01,1.652392950250470349e+01,1.500000000000000000e+00,1.500000000000000000e+00
-1.160307078593823604e+01,1.657945107078809599e+01,1.500000000000000000e+00,1.500000000000000000e+00
-1.195135386740115280e+01,1.663570478680954423e+01,1.500000000000000000e+00,1.500000000000000000e+00
-1.229916351356813209e+01,1.669628155667051317e+01,1.500000000000000000e+00,1.500000000000000000e+00
-1.264664666237367641e+01,1.675945816062493421e+01,1.500000000000000000e+00,1.500000000000000000e+00
-1.299394107254446062e+01,1.682368705484264737e+01,1.500000000000000000e+00,1.500000000000000000e+00
-1.334109398169614380e+01,1.688853688716514156e+01,1.500000000000000000e+00,1.500000000000000000e+00
-1.368812459555587147e+01,1.695391756013713191e+01,1.500000000000000000e+00,1.500000000000000000e+00
-1.403505240228794548e+01,1.701973890569405512e+01,1.500000000000000000e+00,1.500000000000000000e+00
-1.438189674883810198e+01,1.708591103820850776e+01,1.500000000000000000e+00,1.500000000000000000e+00
-1.472867691154276137e+01,1.715234371900663390e+01,1.500000000000000000e+00,1.500000000000000000e+00
-1.507541230795695242e+01,1.721894699185174105e+01,1.500000000000000000e+00,1.500000000000000000e+00
-1.542212228502639171e+01,1.728563075928854786e+01,1.500000000000000000e+00,1.500000000000000000e+00
-1.576882618969681182e+01,1.735230492386178724e+01,1.500000000000000000e+00,1.500000000000000000e+00
-1.611554336891392225e+01,1.741887952933475958e+01,1.500000000000000000e+00,1.500000000000000000e+00
-1.646229316962347511e+01,1.748526440764289092e+01,1.500000000000000000e+00,1.500000000000000000e+00
-1.680909345597605764e+01,1.755137673408790278e+01,1.500000000000000000e+00,1.500000000000000000e+00
-1.715594818209198635e+01,1.761720019792355529e+01,1.500000000000000000e+00,1.500000000000000000e+00
-1.750285374689740436e+01,1.768275435792345363e+01,1.500000000000000000e+00,1.500000000000000000e+00
-1.784980654931849031e+01,1.774805912590765189e+01,1.500000000000000000e+00,1.500000000000000000e+00
-1.819680284706280204e+01,1.781313448430549684e+01,1.500000000000000000e+00,1.500000000000000000e+00
-1.854383910966581084e+01,1.787800027432775352e+01,1.500000000000000000e+00,1.500000000000000000e+00
-1.889091166544436362e+01,1.794267640779446538e+01,1.500000000000000000e+00,1.500000000000000000e+00
-1.923801677210606442e+01,1.800718279652568654e+01,1.500000000000000000e+00,1.500000000000000000e+00
-1.958515089918634899e+01,1.807153935234147824e+01,1.500000000000000000e+00,1.500000000000000000e+00
-1.993231037500209268e+01,1.813576598706187681e+01,1.500000000000000000e+00,1.500000000000000000e+00
-2.027949152787017084e+01,1.819988268311625035e+01,1.500000000000000000e+00,1.500000000000000000e+00
-2.062669075671672303e+01,1.826390928171534611e+01,1.500000000000000000e+00,1.500000000000000000e+00
-2.097390438985863881e+01,1.832786569467921467e+01,1.500000000000000000e+00,1.500000000000000000e+00
-2.132112875561278287e+01,1.839177183382791370e+01,1.500000000000000000e+00,1.500000000000000000e+00
-2.166836025290531609e+01,1.845564761098149731e+01,1.500000000000000000e+00,1.500000000000000000e+00
-2.201559528066239935e+01,1.851951300856930516e+01,1.500000000000000000e+00,1.500000000000000000e+00
-2.236283009659159760e+01,1.858338779719282385e+01,1.500000000000000000e+00,1.500000000000000000e+00
-2.271006102900980750e+01,1.864729202989067858e+01,1.500000000000000000e+00,1.500000000000000000e+00
-2.305728461806174323e+01,1.871124561848290568e+01,1.500000000000000000e+00,1.500000000000000000e+00
-2.340449705084571264e+01,1.877526833357100244e+01,1.500000000000000000e+00,1.500000000000000000e+00
-2.375169472628786949e+01,1.883938022819357982e+01,1.500000000000000000e+00,1.500000000000000000e+00
-2.409887404331437466e+01,1.890360114356141708e+01,1.500000000000000000e+00,1.500000000000000000e+00
-2.444603133024210351e+01,1.896795099149456831e+01,1.500000000000000000e+00,1.500000000000000000e+00
-2.479316305660649533e+01,1.903244883650158314e+01,1.500000000000000000e+00,1.500000000000000000e+00
-2.514026844570535246e+01,1.909709729112623933e+01,1.500000000000000000e+00,1.500000000000000000e+00
-2.548734919216166972e+01,1.916188378691472494e+01,1.500000000000000000e+00,1.500000000000000000e+00
-2.583440713181699522e+01,1.922679519053894026e+01,1.500000000000000000e+00,1.500000000000000000e+00
-2.618144395929433088e+01,1.929181843928004625e+01,1.500000000000000000e+00,1.500000000000000000e+00
-2.652846151043522482e+01,1.935694039980993963e+01,1.500000000000000000e+00,1.500000000000000000e+00
-2.687546162108125358e+01,1.942214793880047452e+01,1.500000000000000000e+00,1.500000000000000000e+00
-2.722244598585540132e+01,1.948742792292353698e+01,1.500000000000000000e+00,1.500000000000000000e+00
-2.756941636998992351e+01,1.955276736006960547e+01,1.500000000000000000e+00,1.500000000000000000e+00
-2.791637467993571065e+01,1.961815304630124857e+01,1.500000000000000000e+00,1.500000000000000000e+00
-2.826332261031571136e+01,1.968357184829036655e+01,1.500000000000000000e+00,1.500000000000000000e+00
-2.861026192636221310e+01,1.974901070331812036e+01,1.500000000000000000e+00,1.500000000000000000e+00
-2.895719446391678176e+01,1.981445647805638188e+01,1.500000000000000000e+00,1.500000000000000000e+00
-2.930412205882099386e+01,1.987989610978632982e+01,1.500000000000000000e+00,1.500000000000000000e+00
-2.965104640569781225e+01,1.994531646517984314e+01,1.500000000000000000e+00,1.500000000000000000e+00
-2.999796926977952083e+01,2.001070441090881147e+01,1.500000000000000000e+00,1.500000000000000000e+00
-3.034489255751696746e+01,2.007604688425438155e+01,1.500000000000000000e+00,1.500000000000000000e+00
-3.069181796353315406e+01,2.014133068127916459e+01,1.500000000000000000e+00,1.500000000000000000e+00
-3.103874725306033611e+01,2.020654280987361417e+01,1.500000000000000000e+00,1.500000000000000000e+00
-3.138568226194009725e+01,2.027167006610032018e+01,1.500000000000000000e+00,1.500000000000000000e+00
-3.173262482601398560e+01,2.033669938724045068e+01,1.500000000000000000e+00,1.500000000000000000e+00
-3.207957656929570334e+01,2.040161771057518791e+01,1.500000000000000000e+00,1.500000000000000000e+00
-3.242653946884538385e+01,2.046641183216711113e+01,1.500000000000000000e+00,1.500000000000000000e+00
-3.277352220960584361e+01,2.053099892731790632e+01,1.500000000000000000e+00,1.500000000000000000e+00
-3.312095466094046259e+01,2.059115500702327850e+01,1.500000000000000000e+00,1.500000000000000000e+00
-3.346991629768959342e+01,2.063626114001455036e+01,1.500000000000000000e+00,1.500000000000000000e+00
-3.382153983409892817e+01,2.065515682176125623e+01,1.500000000000000000e+00,1.500000000000000000e+00
-3.417554749321779894e+01,2.064013377718698905e+01,1.500000000000000000e+00,1.500000000000000000e+00
-3.452788601930748058e+01,2.059272260389206721e+01,1.500000000000000000e+00,1.500000000000000000e+00
-3.487391115686381937e+01,2.051598414403068205e+01,1.500000000000000000e+00,1.500000000000000000e+00
-3.521095133275375133e+01,2.041304624797413680e+01,1.500000000000000000e+00,1.500000000000000000e+00
-3.553936022891572577e+01,2.028713929078421430e+01,1.500000000000000000e+00,1.500000000000000000e+00
-3.585974812145158808e+01,2.014150226185622117e+01,1.500000000000000000e+00,1.500000000000000000e+00
-3.617272528646317653e+01,1.997937415058544275e+01,1.500000000000000000e+00,1.500000000000000000e+00
-3.647890178822446927e+01,1.980399401697646766e+01,1.500000000000000000e+00,1.500000000000000000e+00
-3.677897743541821285e+01,1.961857465437763182e+01,1.500000000000000000e+00,1.500000000000000000e+00
-3.707445895970441541e+01,1.942609295049615170e+01,1.500000000000000000e+00,1.500000000000000000e+00
-3.736728190296707908e+01,1.922940053215708645e+01,1.500000000000000000e+00,1.500000000000000000e+00
-3.765938547877336617e+01,1.903134775521822419e+01,1.500000000000000000e+00,1.500000000000000000e+00
-3.795270911251829205e+01,1.883478511675595257e+01,1.500000000000000000e+00,1.500000000000000000e+00
-3.824919201776900479e+01,1.864256290201879196e+01,1.500000000000000000e+00,1.500000000000000000e+00
-3.855042339783733496e+01,1.845702759896418854e+01,1.500000000000000000e+00,1.500000000000000000e+00
-3.885483057198552359e+01,1.827597648015109755e+01,1.500000000000000000e+00,1.500000000000000000e+00
-3.915916381820608905e+01,1.809479353379177269e+01,1.500000000000000000e+00,1.500000000000000000e+00
-3.946015816288463185e+01,1.790884085921824820e+01,1.500000000000000000e+00,1.500000000000000000e+00
-3.975454842057892080e+01,1.771348027332542330e+01,1.500000000000000000e+00,1.500000000000000000e+00
-4.003906919401883613e+01,1.750407592311477245e+01,1.500000000000000000e+00,1.500000000000000000e+00
-4.031025596773374531e+01,1.727716173971125002e+01,1.500000000000000000e+00,1.500000000000000000e+00
-4.056411656302158519e+01,1.703237154333188030e+01,1.500000000000000000e+00,1.500000000000000000e+00
-4.079657244601745703e+01,1.676984690560508540e+01,1.500000000000000000e+00,1.500000000000000000e+00
-4.100354508285646205e+01,1.648972960998710491e+01,1.500000000000000000e+00,1.500000000000000000e+00
-4.118095586906439109e+01,1.619216129871562870e+01,1.500000000000000000e+00,1.500000000000000000e+00
-4.132473184891033924e+01,1.587728544986989654e+01,1.500000000000000000e+00,1.500000000000000000e+00
-4.143368615082241746e+01,1.554620166193817887e+01,1.500000000000000000e+00,1.500000000000000000e+00
-4.151420983355402683e+01,1.520251990553049382e+01,1.500000000000000000e+00,1.500000000000000000e+00
-4.157392291056787315e+01,1.485025742564718243e+01,1.500000000000000000e+00,1.500000000000000000e+00
-4.162044553654524037e+01,1.449343118485143478e+01,1.500000000000000000e+00,1.500000000000000000e+00
-4.166139758373027036e+01,1.413605842814360436e+01,1.500000000000000000e+00,1.500000000000000000e+00
-4.170417742302129227e+01,1.378201101599391443e+01,1.500000000000000000e+00,1.500000000000000000e+00
-4.175200088396616849e+01,1.343242258056886662e+01,1.500000000000000000e+00,1.500000000000000000e+00
-4.180435675529829354e+01,1.308598656754837819e+01,1.500000000000000000e+00,1.500000000000000000e+00
-4.186060348099992723e+01,1.274131105597960989e+01,1.500000000000000000e+00,1.500000000000000000e+00
-4.192009950505333649e+01,1.239700419551897603e+01,1.500000000000000000e+00,1.500000000000000000e+00
-4.198220327144078823e+01,1.205167399460434652e+01,1.500000000000000000e+00,1.500000000000000000e+00
-4.204580204834590518e+01,1.170418576192985682e+01,1.500000000000000000e+00,1.500000000000000000e+00
-4.210755566325943988e+01,1.135462083939869871e+01,1.500000000000000000e+00,1.500000000000000000e+00
-4.216346635934536380e+01,1.100341954654935961e+01,1.500000000000000000e+00,1.500000000000000000e+00
-4.220953609733046363e+01,1.065102234413888382e+01,1.500000000000000000e+00,1.500000000000000000e+00
-4.224176704976942176e+01,1.029786976353363315e+01,1.500000000000000000e+00,1.500000000000000000e+00
-4.225609162723743850e+01,9.944442583395810331e+00,1.500000000000000000e+00,1.500000000000000000e+00
-4.224458661997636000e+01,9.593467310886854449e+00,1.500000000000000000e+00,1.500000000000000000e+00
-4.219352882984939868e+01,9.251047907383094682e+00,1.500000000000000000e+00,1.500000000000000000e+00
-4.208873934635578706e+01,8.923558767845266360e+00,1.500000000000000000e+00,1.500000000000000000e+00
-4.192652735124734420e+01,8.613599867585405079e+00,1.500000000000000000e+00,1.500000000000000000e+00
-4.173023797074111485e+01,8.314040868573664866e+00,1.500000000000000000e+00,1.500000000000000000e+00
-4.152734775127801470e+01,8.016257198964733988e+00,1.500000000000000000e+00,1.500000000000000000e+00
-4.133649196753966493e+01,7.714417943510464504e+00,1.500000000000000000e+00,1.500000000000000000e+00
-4.116320045675753647e+01,7.406833351268695687e+00,1.500000000000000000e+00,1.500000000000000000e+00
-4.101194292826846777e+01,7.092148571164332616e+00,1.500000000000000000e+00,1.500000000000000000e+00
-4.088718909140935409e+01,6.769008681512980630e+00,1.500000000000000000e+00,1.500000000000000000e+00
-4.079340872612633717e+01,6.436059043067424490e+00,1.500000000000000000e+00,1.500000000000000000e+00
-4.073472124906380998e+01,6.092386607086144323e+00,1.500000000000000000e+00,1.500000000000000000e+00
-4.071225400816134510e+01,5.740855286410812219e+00,1.500000000000000000e+00,1.500000000000000000e+00
-4.072561709891424186e+01,5.386243917854159236e+00,1.500000000000000000e+00,1.500000000000000000e+00
-4.077440861323829324e+01,5.033346589835758778e+00,1.500000000000000000e+00,1.500000000000000000e+00
-4.085822657244003153e+01,4.686957037728731734e+00,1.500000000000000000e+00,1.500000000000000000e+00
-4.097666928026310984e+01,4.351869208734074235e+00,1.500000000000000000e+00,1.500000000000000000e+00
-4.112917179177052418e+01,4.032693960161298996e+00,1.500000000000000000e+00,1.500000000000000000e+00
-4.131378472565722149e+01,3.732484932016902235e+00,1.500000000000000000e+00,1.500000000000000000e+00
-4.152785924498179781e+01,3.453509882898912142e+00,1.500000000000000000e+00,1.500000000000000000e+00
-4.176874121710606858e+01,3.198030287178463826e+00,1.500000000000000000e+00,1.500000000000000000e+00
-4.203377643878253167e+01,2.968307619226677296e+00,1.500000000000000000e+00,1.500000000000000000e+00
-4.232031042432653578e+01,2.766602153056737734e+00,1.500000000000000000e+00,1.500000000000000000e+00
-4.262556596910571471e+01,2.594664434210332882e+00,1.500000000000000000e+00,1.500000000000000000e+00
-4.294645956538350617e+01,2.452972911243057830e+00,1.500000000000000000e+00,1.500000000000000000e+00
-4.327986060902622256e+01,2.341810939239572065e+00,1.500000000000000000e+00,1.500000000000000000e+00
-4.362263849590021891e+01,2.261461732065944918e+00,1.500000000000000000e+00,1.500000000000000000e+00
-4.397166283369972462e+01,2.212208644806831437e+00,1.500000000000000000e+00,1.500000000000000000e+00
-4.432380294768178430e+01,2.194334891328309833e+00,1.500000000000000000e+00,1.500000000000000000e+00
-4.467592830432202078e+01,2.208123826715030269e+00,1.500000000000000000e+00,1.500000000000000000e+00
-4.502490837009609947e+01,2.253858664833071401e+00,1.500000000000000000e+00,1.500000000000000000e+00
-4.536761254087032569e+01,2.331822760767082947e+00,1.500000000000000000e+00,1.500000000000000000e+00
-4.570091035372965393e+01,2.442299398992436643e+00,1.500000000000000000e+00,1.500000000000000000e+00
-4.602167120454041793e+01,2.585571863984489571e+00,1.500000000000000000e+00,1.500000000000000000e+00
-4.632677472751614545e+01,2.761815902268458967e+00,1.500000000000000000e+00,1.500000000000000000e+00
-4.661327058404302193e+01,2.969409900867981289e+00,1.500000000000000000e+00,1.500000000000000000e+00
-4.687834937165202120e+01,3.205245850622502335e+00,1.500000000000000000e+00,1.500000000000000000e+00
-4.711920564199437678e+01,3.466170905471710473e+00,1.500000000000000000e+00,1.500000000000000000e+00
-4.733303415854921070e+01,3.749032360573878897e+00,1.500000000000000000e+00,1.500000000000000000e+00
-4.751702947296781332e+01,4.050677440477984170e+00,1.500000000000000000e+00,1.500000000000000000e+00
-4.766843076197328344e+01,4.367965938186800123e+00,1.500000000000000000e+00,1.500000000000000000e+00
-4.778520560773441161e+01,4.697964249488475019e+00,1.500000000000000000e+00,1.500000000000000000e+00
-4.786591619325921698e+01,5.037907455767268061e+00,1.500000000000000000e+00,1.500000000000000000e+00
-4.791028530647135142e+01,5.385059941263206085e+00,1.500000000000000000e+00,1.500000000000000000e+00
-4.792708043242103599e+01,5.736879065408523992e+00,1.500000000000000000e+00,1.500000000000000000e+00
-4.792936887954132175e+01,6.090914050323001483e+00,1.500000000000000000e+00,1.500000000000000000e+00
-4.792819994272934281e+01,6.445103952021862703e+00,1.500000000000000000e+00,1.500000000000000000e+00
-4.792597137228780468e+01,6.799036129808692763e+00,1.500000000000000000e+00,1.500000000000000000e+00
-4.792279190652479315e+01,7.152734096577383127e+00,1.500000000000000000e+00,1.500000000000000000e+00
-4.791877014252982292e+01,7.506221365221822595e+00,1.500000000000000000e+00,1.500000000000000000e+00
-4.791401474800171201e+01,7.859521448635904406e+00,1.500000000000000000e+00,1.500000000000000000e+00
-4.790863446124851066e+01,8.212657647885649226e+00,1.500000000000000000e+00,1.500000000000000000e+00
-4.790273794996905110e+01,8.565653617083535565e+00,1.500000000000000000e+00,1.500000000000000000e+00
-4.789643381125282673e+01,8.918532727904862512e+00,1.500000000000000000e+00,1.500000000000000000e+00
-4.788983085401722661e+01,9.271318563852821271e+00,1.500000000000000000e+00,1.500000000000000000e+00
-4.788303760474247639e+01,9.624034496602728694e+00,1.500000000000000000e+00,1.500000000000000000e+00
-4.787616287234594381e+01,9.976704039048462036e+00,1.500000000000000000e+00,1.500000000000000000e+00
-4.786931525391712938e+01,1.032935063347463611e+01,1.500000000000000000e+00,1.500000000000000000e+00
-4.786260348776415441e+01,1.068199779277514061e+01,1.500000000000000000e+00,1.500000000000000000e+00
-4.785613617097649808e+01,1.103466902984385634e+01,1.500000000000000000e+00,1.500000000000000000e+00
-4.785002204186226749e+01,1.138738771635610902e+01,1.500000000000000000e+00,1.500000000000000000e+00
-4.784436976812027353e+01,1.174017743581506679e+01,1.500000000000000000e+00,1.500000000000000000e+00
-4.783928801744929871e+01,1.209306163050534444e+01,1.500000000000000000e+00,1.500000000000000000e+00
-4.783488545754813259e+01,1.244606381332084233e+01,1.500000000000000000e+00,1.500000000000000000e+00
-4.783127075611560031e+01,1.279920735593684533e+01,1.500000000000000000e+00,1.500000000000000000e+00
-4.782855265145978052e+01,1.315251577124726445e+01,1.500000000000000000e+00,1.500000000000000000e+00
-4.782683974067018084e+01,1.350601257214598228e+01,1.500000000000000000e+00,1.500000000000000000e+00
-4.782624076205490837e+01,1.385972127152689737e+01,1.500000000000000000e+00,1.500000000000000000e+00
-4.782686431270344229e+01,1.421366524106531593e+01,1.500000000000000000e+00,1.500000000000000000e+00
-4.782853457548130649e+01,1.456783148865170752e+01,1.500000000000000000e+00,1.500000000000000000e+00
-4.782884631550091115e+01,1.492192034845519011e+01,1.500000000000000000e+00,1.500000000000000000e+00
-4.782434341979730164e+01,1.527549714968058403e+01,1.500000000000000000e+00,1.500000000000000000e+00
-4.781156377361566001e+01,1.562812644483046398e+01,1.500000000000000000e+00,1.500000000000000000e+00
-4.778704512098271806e+01,1.597937278640744196e+01,1.500000000000000000e+00,1.500000000000000000e+00
-4.774732534714367915e+01,1.632880072691412465e+01,1.500000000000000000e+00,1.500000000000000000e+00
-4.768751595905695240e+01,1.667477813258977193e+01,1.500000000000000000e+00,1.500000000000000000e+00
-4.759158681183119199e+01,1.700632412894017520e+01,1.500000000000000000e+00,1.500000000000000000e+00
-4.743826840996663208e+01,1.730806170701545099e+01,1.500000000000000000e+00,1.500000000000000000e+00
-4.721409118389961890e+01,1.756913405284561946e+01,1.500000000000000000e+00,1.500000000000000000e+00
-4.693853588396181209e+01,1.779781283303973538e+01,1.500000000000000000e+00,1.500000000000000000e+00
-4.663973318106561550e+01,1.800740500396436161e+01,1.500000000000000000e+00,1.500000000000000000e+00
-4.634205514295598505e+01,1.821239782689389841e+01,1.500000000000000000e+00,1.500000000000000000e+00
-4.606123147199115664e+01,1.842999228998253614e+01,1.500000000000000000e+00,1.500000000000000000e+00
-4.581171878501327654e+01,1.867750122650134159e+01,1.500000000000000000e+00,1.500000000000000000e+00
-4.560536122570788820e+01,1.896114941032347900e+01,1.500000000000000000e+00,1.500000000000000000e+00
-4.545051526244252216e+01,1.927236014270291165e+01,1.500000000000000000e+00,1.500000000000000000e+00
-4.535443282244607133e+01,1.960175206141374815e+01,1.500000000000000000e+00,1.500000000000000000e+00
-4.531122007759213943e+01,1.994338833727138294e+01,1.500000000000000000e+00,1.500000000000000000e+00
-4.530473306081230334e+01,2.029401741242671875e+01,1.500000000000000000e+00,1.500000000000000000e+00
-4.531855638292372390e+01,2.065045890319597532e+01,1.500000000000000000e+00,1.500000000000000000e+00
-4.533627486657141503e+01,2.100953249650465082e+01,1.500000000000000000e+00,1.500000000000000000e+00
-4.534147305196319877e+01,2.136805780866896853e+01,1.500000000000000000e+00,1.500000000000000000e+00
-4.532065651506499648e+01,2.172317473974894497e+01,1.500000000000000000e+00,1.500000000000000000e+00
-4.527201328025197569e+01,2.207330517209147303e+01,1.500000000000000000e+00,1.500000000000000000e+00
-4.519665226643878952e+01,2.241719098935005761e+01,1.500000000000000000e+00,1.500000000000000000e+00
-4.509568246314940154e+01,2.275357442822468457e+01,1.500000000000000000e+00,1.500000000000000000e+00
-4.497021264807985830e+01,2.308119758419676870e+01,1.500000000000000000e+00,1.500000000000000000e+00
-4.482135174014484846e+01,2.339880241152913243e+01,1.500000000000000000e+00,1.500000000000000000e+00
-4.465020858764970058e+01,2.370513107631244409e+01,1.500000000000000000e+00,1.500000000000000000e+00
-4.445789210950910331e+01,2.399892574463740758e+01,1.500000000000000000e+00,1.500000000000000000e+00
-4.424551122463767427e+01,2.427892837076686305e+01,1.500000000000000000e+00,1.500000000000000000e+00
-4.401417478134082018e+01,2.454388112079147177e+01,1.500000000000000000e+00,1.500000000000000000e+00
-4.376499169853315863e+01,2.479252609019266274e+01,1.500000000000000000e+00,1.500000000000000000e+00
-4.349907555534257142e+01,2.502361504792467883e+01,1.500000000000000000e+00,1.500000000000000000e+00
-4.321771836057519778e+01,2.523626361261816342e+01,1.500000000000000000e+00,1.500000000000000000e+00
-4.292243969678193594e+01,2.543005180021041767e+01,1.500000000000000000e+00,1.500000000000000000e+00
-4.261477404507414235e+01,2.560458991802459749e+01,1.500000000000000000e+00,1.500000000000000000e+00
-4.229625574534453136e+01,2.575948827338385883e+01,1.500000000000000000e+00,1.500000000000000000e+00
-4.196841927870443811e+01,2.589435717361132916e+01,1.500000000000000000e+00,1.500000000000000000e+00
-4.163279919687445840e+01,2.600880692603016797e+01,1.500000000000000000e+00,1.500000000000000000e+00
-4.129092969852875683e+01,2.610244776735422789e+01,1.500000000000000000e+00,1.500000000000000000e+00
-4.094434547660653578e+01,2.617489000490666129e+01,1.500000000000000000e+00,1.500000000000000000e+00
-4.059458072978193144e+01,2.622574401661989896e+01,1.500000000000000000e+00,1.500000000000000000e+00
-4.024317008038487131e+01,2.625462003920778642e+01,1.500000000000000000e+00,1.500000000000000000e+00
-3.989164786830808396e+01,2.626112837999348670e+01,1.500000000000000000e+00,1.500000000000000000e+00
-3.954138419623350131e+01,2.624528005402639863e+01,1.500000000000000000e+00,1.500000000000000000e+00
-3.919257768809662679e+01,2.620994299887774304e+01,1.500000000000000000e+00,1.500000000000000000e+00
-3.884491794545438381e+01,2.615922568675181736e+01,1.500000000000000000e+00,1.500000000000000000e+00
-3.849809280463137640e+01,2.609724167372185732e+01,1.500000000000000000e+00,1.500000000000000000e+00
-3.815178989012436261e+01,2.602810451586106311e+01,1.500000000000000000e+00,1.500000000000000000e+00
-3.780569696764869292e+01,2.595592776924267753e+01,1.500000000000000000e+00,1.500000000000000000e+00
-3.745953308283559835e+01,2.588442272880926609e+01,1.500000000000000000e+00,1.500000000000000000e+00
-3.711324047728506770e+01,2.581443840067544571e+01,1.500000000000000000e+00,1.500000000000000000e+00
-3.676685833915360035e+01,2.574558297388561812e+01,1.500000000000000000e+00,1.500000000000000000e+00
-3.642042613903483073e+01,2.567745962422456074e+01,1.500000000000000000e+00,1.500000000000000000e+00
-3.607398327691311835e+01,2.560967166869557943e+01,1.500000000000000000e+00,1.500000000000000000e+00
-3.572756915277283696e+01,2.554182291856708886e+01,1.500000000000000000e+00,1.500000000000000000e+00
-3.538120904474014594e+01,2.547364851838864652e+01,1.500000000000000000e+00,1.500000000000000000e+00
-3.503489737468105858e+01,2.540516654413875841e+01,1.500000000000000000e+00,1.500000000000000000e+00
-3.468862461034129296e+01,2.533643178862719125e+01,1.500000000000000000e+00,1.500000000000000000e+00
-3.434238129007586338e+01,2.526749911527303993e+01,1.500000000000000000e+00,1.500000000000000000e+00
-3.399615795223977699e+01,2.519842338749540289e+01,1.500000000000000000e+00,1.500000000000000000e+00
-3.364994506457875190e+01,2.512925939810404330e+01,1.500000000000000000e+00,1.500000000000000000e+00
-3.330373302422921711e+01,2.506006208112735223e+01,1.500000000000000000e+00,1.500000000000000000e+00
-3.295751251076477217e+01,2.499088622937511062e+01,1.500000000000000000e+00,1.500000000000000000e+00
-3.261127385071253570e+01,2.492178670626640269e+01,1.500000000000000000e+00,1.500000000000000000e+00
-3.226500765303683949e+01,2.485281830461103425e+01,1.500000000000000000e+00,1.500000000000000000e+00
-3.191870445609266227e+01,2.478403595843736085e+01,1.500000000000000000e+00,1.500000000000000000e+00
-3.157235501006290690e+01,2.471549191862069961e+01,1.500000000000000000e+00,1.500000000000000000e+00
-3.122595677301308825e+01,2.464720284895373226e+01,1.500000000000000000e+00,1.500000000000000000e+00
-3.087951151017549023e+01,2.457915872291713555e+01,1.500000000000000000e+00,1.500000000000000000e+00
-3.053302141043813478e+01,2.451134894911725581e+01,1.500000000000000000e+00,1.500000000000000000e+00
-3.018648838025185910e+01,2.444376286555115740e+01,1.500000000000000000e+00,1.500000000000000000e+00
-2.983991467911398487e+01,2.437638973960663336e+01,1.500000000000000000e+00,1.500000000000000000e+00
-2.949330214286608154e+01,2.430921905049931198e+01,1.500000000000000000e+00,1.500000000000000000e+00
-2.914665296039616393e+01,2.424224013622625051e+01,1.500000000000000000e+00,1.500000000000000000e+00
-2.879996910876437965e+01,2.417544226417524200e+01,1.500000000000000000e+00,1.500000000000000000e+00
-2.845325270624946157e+01,2.410881491356191120e+01,1.500000000000000000e+00,1.500000000000000000e+00
-2.810650580052084635e+01,2.404234735177404403e+01,1.500000000000000000e+00,1.500000000000000000e+00
-2.775973036863868515e+01,2.397602898741799393e+01,1.500000000000000000e+00,1.500000000000000000e+00
-2.741292845827240043e+01,2.390984915849082526e+01,1.500000000000000000e+00,1.500000000000000000e+00
-2.706610225831002126e+01,2.384379727359889500e+01,1.500000000000000000e+00,1.500000000000000000e+00
-2.671925367520241679e+01,2.377786267073926041e+01,1.500000000000000000e+00,1.500000000000000000e+00
-2.637238489783759121e+01,2.371203461729968609e+01,1.500000000000000000e+00,1.500000000000000000e+00
-2.602549783266639949e+01,2.364630259249584654e+01,1.500000000000000000e+00,1.500000000000000000e+00
-2.567859459796757804e+01,2.358065586371548505e+01,1.500000000000000000e+00,1.500000000000000000e+00
-2.533167731201985617e+01,2.351508391017425836e+01,1.500000000000000000e+00,1.500000000000000000e+00
-2.498474788127408885e+01,2.344957599925994884e+01,1.500000000000000000e+00,1.500000000000000000e+00
-2.463780849461829447e+01,2.338412146896960309e+01,1.500000000000000000e+00,1.500000000000000000e+00
-2.429086112911261708e+01,2.331870972790958518e+01,1.500000000000000000e+00,1.500000000000000000e+00
-2.394390783242650045e+01,2.325333011407695949e+01,1.500000000000000000e+00,1.500000000000000000e+00
-2.359695065222938126e+01,2.318797203607808299e+01,1.500000000000000000e+00,1.500000000000000000e+00
-2.324999170679998883e+01,2.312262476130071676e+01,1.500000000000000000e+00,1.500000000000000000e+00
-2.290303304380775629e+01,2.305727776896051751e+01,1.500000000000000000e+00,1.500000000000000000e+00
-2.255607664031283832e+01,2.299192032644526051e+01,1.500000000000000000e+00,1.500000000000000000e+00
-2.220912454398466451e+01,2.292654177175198882e+01,1.500000000000000000e+00,1.500000000000000000e+00
-2.186217894371126746e+01,2.286113151348708072e+01,1.500000000000000000e+00,1.500000000000000000e+00
-2.151524174594348793e+01,2.279567896025688611e+01,1.500000000000000000e+00,1.500000000000000000e+00
-2.116831506896007298e+01,2.273017337944917671e+01,1.500000000000000000e+00,1.500000000000000000e+00
-2.082140088982115245e+01,2.266460425027959147e+01,1.500000000000000000e+00,1.500000000000000000e+00
-2.047450139741475184e+01,2.259896076952661659e+01,1.500000000000000000e+00,1.500000000000000000e+00
-2.012761856880102584e+01,2.253323241640590169e+01,1.500000000000000000e+00,1.500000000000000000e+00
-1.978075438104010786e+01,2.246740845830520783e+01,1.500000000000000000e+00,1.500000000000000000e+00
-1.943391102302003048e+01,2.240147837444019885e+01,1.500000000000000000e+00,1.500000000000000000e+00
-1.908709047180093066e+01,2.233543143219863580e+01,1.500000000000000000e+00,1.500000000000000000e+00
-1.874029477505225927e+01,2.226925696957757239e+01,1.500000000000000000e+00,1.500000000000000000e+00
-1.839352598044343878e+01,2.220294446579267245e+01,1.500000000000000000e+00,1.500000000000000000e+00
-1.804678620625321628e+01,2.213648311762241860e+01,1.500000000000000000e+00,1.500000000000000000e+00
-1.770007742954171803e+01,2.206986247489173181e+01,1.500000000000000000e+00,1.500000000000000000e+00
-1.735340176858769112e+01,2.200307173437910535e+01,1.500000000000000000e+00,1.500000000000000000e+00
-1.700676120045127249e+01,2.193610030469089622e+01,1.500000000000000000e+00,1.500000000000000000e+00
-1.666015777280190235e+01,2.186893759443345076e+01,1.500000000000000000e+00,1.500000000000000000e+00
-1.631359367452760267e+01,2.180157294160383330e+01,1.500000000000000000e+00,1.500000000000000000e+00
-1.596707081207923196e+01,2.173399561358982623e+01,1.500000000000000000e+00,1.500000000000000000e+00
-1.562059109190763984e+01,2.166619600752783725e+01,1.500000000000000000e+00,1.500000000000000000e+00
-1.527415387852920325e+01,2.159817730083598519e+01,1.500000000000000000e+00,1.500000000000000000e+00
-1.492775655940017288e+01,2.152995220318663883e+01,1.500000000000000000e+00,1.500000000000000000e+00
-1.458139659258606891e+01,2.146153377729861234e+01,1.500000000000000000e+00,1.500000000000000000e+00
-1.423507136554311003e+01,2.139293494467216661e+01,1.500000000000000000e+00,1.500000000000000000e+00
-1.388877826572754337e+01,2.132416883863541557e+01,1.500000000000000000e+00,1.500000000000000000e+00
-1.354251468059560359e+01,2.125524838068860589e+01,1.500000000000000000e+00,1.500000000000000000e+00
-1.319627806821281801e+01,2.118618656294128044e+01,1.500000000000000000e+00,1.500000000000000000e+00
-1.285006567481683071e+01,2.111699644811226761e+01,1.500000000000000000e+00,1.500000000000000000e+00
-1.250387509969175248e+01,2.104769095770180698e+01,1.500000000000000000e+00,1.500000000000000000e+00
-1.215770358907523807e+01,2.097828315442873759e+01,1.500000000000000000e+00,1.500000000000000000e+00
-1.181154867164209676e+01,2.090878610101188073e+01,1.500000000000000000e+00,1.500000000000000000e+00
-1.146540759362999040e+01,2.083921264834220111e+01,1.500000000000000000e+00,1.500000000000000000e+00
-1.111927788371372294e+01,2.076957592974780908e+01,1.500000000000000000e+00,1.500000000000000000e+00
-1.077315685874024531e+01,2.069988893733824753e+01,1.500000000000000000e+00,1.500000000000000000e+00
-1.042704197677508837e+01,2.063016459261377022e+01,1.500000000000000000e+00,1.500000000000000000e+00
-1.008093055466519061e+01,2.056041602890248754e+01,1.500000000000000000e+00,1.500000000000000000e+00
-9.734820121085359546e+00,2.049065609709535352e+01,1.500000000000000000e+00,1.500000000000000000e+00
-9.388707992882546094e+00,2.042089785991121431e+01,1.500000000000000000e+00,1.500000000000000000e+00
-9.042591557512981382e+00,2.035115438006887345e+01,1.500000000000000000e+00,1.500000000000000000e+00
-8.696468202432905414e+00,2.028143864967789156e+01,1.500000000000000000e+00,1.500000000000000000e+00
-8.350335385707843727e+00,2.021176359023851887e+01,1.500000000000000000e+00,1.500000000000000000e+00
-8.004190494794018562e+00,2.014214226446955536e+01,1.500000000000000000e+00,1.500000000000000000e+00
-7.658030917147678807e+00,2.007258787630843244e+01,1.500000000000000000e+00,1.500000000000000000e+00
-7.311854322662213690e+00,2.000311800746859703e+01,1.500000000000000000e+00,1.500000000000000000e+00
-6.965658663668185646e+00,1.993375610023466749e+01,1.500000000000000000e+00,1.500000000000000000e+00
-6.619441892496153557e+00,1.986452609115625023e+01,1.500000000000000000e+00,1.500000000000000000e+00
-6.273202102695273119e+00,1.979545163434584154e+01,1.500000000000000000e+00,1.500000000000000000e+00
-5.926937246596096109e+00,1.972655666635307270e+01,1.500000000000000000e+00,1.500000000000000000e+00
-5.580645347138479373e+00,1.965786484129041511e+01,1.500000000000000000e+00,1.500000000000000000e+00
-5.234324356652983568e+00,1.958940009570751428e+01,1.500000000000000000e+00,1.500000000000000000e+00
-4.887972227470169351e+00,1.952118615432614490e+01,1.500000000000000000e+00,1.500000000000000000e+00
-4.541587053139182650e+00,1.945324681247733167e+01,1.500000000000000000e+00,1.500000000000000000e+00
-4.195166715381295042e+00,1.938560586549216325e+01,1.500000000000000000e+00,1.500000000000000000e+00
-3.848709307745653785e+00,1.931828717931096406e+01,1.500000000000000000e+00,1.500000000000000000e+00
-3.502216595464517468e+00,1.925124831774987655e+01,1.500000000000000000e+00,1.500000000000000000e+00
-3.155717034082166528e+00,1.918398167061612725e+01,1.500000000000000000e+00,1.500000000000000000e+00
-2.809250447238690995e+00,1.911577980342350003e+01,1.500000000000000000e+00,1.500000000000000000e+00
-2.462856870402082787e+00,1.904593471681146966e+01,1.500000000000000000e+00,1.500000000000000000e+00
-2.116576197821729899e+00,1.897373827020090076e+01,1.500000000000000000e+00,1.500000000000000000e+00
-1.770448464965613811e+00,1.889848239362196836e+01,1.500000000000000000e+00,1.500000000000000000e+00
-1.425784533320556768e+00,1.881735323622030620e+01,1.500000000000000000e+00,1.500000000000000000e+00
-1.092828751866687043e+00,1.871273794584752181e+01,1.500000000000000000e+00,1.500000000000000000e+00
-7.856560236191302282e-01,1.856067758972015014e+01,1.500000000000000000e+00,1.500000000000000000e+00
-5.151137009028944336e-01,1.834519173188769159e+01,1.500000000000000000e+00,1.500000000000000000e+00
-2.799498103798022108e-01,1.808016279443812380e+01,1.500000000000000000e+00,1.500000000000000000e+00
-7.608885438448592664e-02,1.778640208918211130e+01,1.500000000000000000e+00,1.500000000000000000e+00
1.008782230390026097e-01,1.747917301472036300e+01,1.500000000000000000e+00,1.500000000000000000e+00
2.560508248843766932e-01,1.716224300038178896e+01,1.500000000000000000e+00,1.500000000000000000e+00
3.946142856524723075e-01,1.683795232050623980e+01,1.500000000000000000e+00,1.500000000000000000e+00
5.217537986255305071e-01,1.650864103760568824e+01,1.500000000000000000e+00,1.500000000000000000e+00
6.426545570858119838e-01,1.617664928480140674e+01,1.500000000000000000e+00,1.500000000000000000e+00
7.624900331732415992e-01,1.584431168768995590e+01,1.500000000000000000e+00,1.500000000000000000e+00
8.846446714225354446e-01,1.551313130624819081e+01,1.500000000000000000e+00,1.500000000000000000e+00
1.008819865142169592e+00,1.518289885453766885e+01,1.500000000000000000e+00,1.500000000000000000e+00
1.134263201727585546e+00,1.485319406605854908e+01,1.500000000000000000e+00,1.500000000000000000e+00
1.260222127355659305e+00,1.452359674492029029e+01,1.500000000000000000e+00,1.500000000000000000e+00
1.385944229421822271e+00,1.419368669523232285e+01,1.500000000000000000e+00,1.500000000000000000e+00
1.510951200589063959e+00,1.386319108269436562e+01,1.500000000000000000e+00,1.500000000000000000e+00
1.638429638158769297e+00,1.353380876684710010e+01,1.500000000000000000e+00,1.500000000000000000e+00
1.774179459900365741e+00,1.320864457943298120e+01,1.500000000000000000e+00,1.500000000000000000e+00
1.924056717969579333e+00,1.289083350236170311e+01,1.500000000000000000e+00,1.500000000000000000e+00
2.093917535131443408e+00,1.258351044693368870e+01,1.500000000000000000e+00,1.500000000000000000e+00
2.289618104760288819e+00,1.228981046566790702e+01,1.500000000000000000e+00,1.500000000000000000e+00
2.516660797073372091e+00,1.201342487107759638e+01,1.500000000000000000e+00,1.500000000000000000e+00
2.775863550097286581e+00,1.176541453798362724e+01,1.500000000000000000e+00,1.500000000000000000e+00
3.064725241527349375e+00,1.156206175705540318e+01,1.500000000000000000e+00,1.500000000000000000e+00
3.380037738228426569e+00,1.141616742787112138e+01,1.500000000000000000e+00,1.500000000000000000e+00
3.714371389386251998e+00,1.131671586555612663e+01,1.500000000000000000e+00,1.500000000000000000e+00
4.058578549528027324e+00,1.124299884786455195e+01,1.500000000000000000e+00,1.500000000000000000e+00
4.405177811229237683e+00,1.117800137151464845e+01,1.500000000000000000e+00,1.500000000000000000e+00
4.752704879013760042e+00,1.111810781715309204e+01,1.500000000000000000e+00,1.500000000000000000e+00
5.101049531778399704e+00,1.106271751154160121e+01,1.500000000000000000e+00,1.500000000000000000e+00
5.450101336592094725e+00,1.101122956961405741e+01,1.500000000000000000e+00,1.500000000000000000e+00
5.799750001742340899e+00,1.096304317691360275e+01,1.500000000000000000e+00,1.500000000000000000e+00
6.149885094298058519e+00,1.091755758959267908e+01,1.500000000000000000e+00,1.500000000000000000e+00
6.500396393156059993e+00,1.087417192258515541e+01,1.500000000000000000e+00,1.500000000000000000e+00
6.851173465385276273e+00,1.083228543204346117e+01,1.500000000000000000e+00,1.500000000000000000e+00
7.202105948663894530e+00,1.079129723290146714e+01,1.500000000000000000e+00,1.500000000000000000e+00
7.553083480670163219e+00,1.075060665192090248e+01,1.500000000000000000e+00,1.500000000000000000e+00
7.903995769691576356e+00,1.070961273342633469e+01,1.500000000000000000e+00,1.500000000000000000e+00
8.254734430466493578e+00,1.066772539557315191e+01,1.500000000000000000e+00,1.500000000000000000e+00
8.605253849392966004e+00,1.062469221014613829e+01,1.500000000000000000e+00,1.500000000000000000e+00
8.955582552624521853e+00,1.058066060934483055e+01,1.500000000000000000e+00,1.500000000000000000e+00
9.305753514700056073e+00,1.053580097338833887e+01,1.500000000000000000e+00,1.500000000000000000e+00
9.655799710158451177e+00,1.049028382371436052e+01,1.500000000000000000e+00,1.500000000000000000e+00
1.000575390171071533e+01,1.044427961115127346e+01,1.500000000000000000e+00,1.500000000000000000e+00
1.035564913450502544e+01,1.039795885713678025e+01,1.500000000000000000e+00,1.500000000000000000e+00
1.070551824186167700e+01,1.035149201249927309e+01,1.500000000000000000e+00,1.500000000000000000e+00
1.105539412771025454e+01,1.030504952806715302e+01,1.500000000000000000e+00,1.500000000000000000e+00
1.140530983719894031e+01,1.025880192527810131e+01,1.500000000000000000e+00,1.500000000000000000e+00
1.175529806242945163e+01,1.021291958435122638e+01,1.500000000000000000e+00,1.500000000000000000e+00
1.210539177794066390e+01,1.016757246184989860e+01,1.500000000000000000e+00,1.500000000000000000e+00
1.245560616473015259e+01,1.012284062871005652e+01,1.500000000000000000e+00,1.500000000000000000e+00
1.280592109914997145e+01,1.007862325486421362e+01,1.500000000000000000e+00,1.500000000000000000e+00
1.315631222099474940e+01,1.003479769197395655e+01,1.500000000000000000e+00,1.500000000000000000e+00
1.350675524066838129e+01,9.991241291700866611e+00,1.500000000000000000e+00,1.500000000000000000e+00
1.385722558613762168e+01,9.947831476315828425e+00,1.500000000000000000e+00,1.500000000000000000e+00
1.420769910902495425e+01,9.904445597480426855e+00,1.500000000000000000e+00,1.500000000000000000e+00
1.455815123729713179e+01,9.860961006856252098e+00,1.500000000000000000e+00,1.500000000000000000e+00
1.490855775196733823e+01,9.817254985495601716e+00,1.500000000000000000e+00,1.500000000000000000e+00
1.525889422222089742e+01,9.773205026278640517e+00,1.500000000000000000e+00,1.500000000000000000e+00
1.560913628785244356e+01,9.728688339648387640e+00,1.500000000000000000e+00,1.500000000000000000e+00
1.595925951804728982e+01,9.683582418484999010e+00,1.500000000000000000e+00,1.500000000000000000e+00
1.630924449525041098e+01,9.637788974655459029e+00,1.500000000000000000e+00,1.500000000000000000e+00
1.665913655062662357e+01,9.591527038180341691e+00,1.500000000000000000e+00,1.500000000000000000e+00
1.700902592284977644e+01,9.545237493472452428e+00,1.500000000000000000e+00,1.500000000000000000e+00
1.735900390973310081e+01,9.499365602720642343e+00,1.500000000000000000e+00,1.500000000000000000e+00
1.770916180908980309e+01,9.454356910550918869e+00,1.500000000000000000e+00,1.500000000000000000e+00
1.805959084812383608e+01,9.410656679152129556e+00,1.500000000000000000e+00,1.500000000000000000e+00
1.841032809671293435e+01,9.368442067235307036e+00,1.500000000000000000e+00,1.500000000000000000e+00
1.876070544974597354e+01,9.324404323425687480e+00,1.500000000000000000e+00,1.500000000000000000e+00
1.910956216108872141e+01,9.272798746419390170e+00,1.500000000000000000e+00,1.500000000000000000e+00
1.945572731686904078e+01,9.207830784753106457e+00,1.500000000000000000e+00,1.500000000000000000e+00
1.979803000321482997e+01,9.123705816354247489e+00,1.500000000000000000e+00,1.500000000000000000e+00
2.013529930625395536e+01,9.014629219150215533e+00,1.500000000000000000e+00,1.500000000000000000e+00
2.046383381634456811e+01,8.874814561746166675e+00,1.500000000000000000e+00,1.500000000000000000e+00
2.077088008335198666e+01,8.698504786212298612e+00,1.500000000000000000e+00,1.500000000000000000e+00
2.104166092425312584e+01,8.479949260064296723e+00,1.500000000000000000e+00,1.500000000000000000e+00
2.126431051831004027e+01,8.215574588304834336e+00,1.500000000000000000e+00,1.500000000000000000e+00
2.144575288320438844e+01,7.915858059964945070e+00,1.500000000000000000e+00,1.500000000000000000e+00
2.160037353222225676e+01,7.596856510247947725e+00,1.500000000000000000e+00,1.500000000000000000e+00
2.174031196771337804e+01,7.271705103115494673e+00,1.500000000000000000e+00,1.500000000000000000e+00
2.186983899264193809e+01,6.943339349230301494e+00,1.500000000000000000e+00,1.500000000000000000e+00
2.199151786548869225e+01,6.612481157983216562e+00,1.500000000000000000e+00,1.500000000000000000e+00
2.210791170351576440e+01,6.279852579983686844e+00,1.500000000000000000e+00,1.500000000000000000e+00
2.222158362398528908e+01,5.946175595231864897e+00,1.500000000000000000e+00,1.500000000000000000e+00
2.233505677930074285e+01,5.612161662943543128e+00,1.500000000000000000e+00,1.500000000000000000e+00
2.244965346965409481e+01,5.278210290487018064e+00,1.500000000000000000e+00,1.500000000000000000e+00
2.256531883162624297e+01,4.944363137343962045e+00,1.500000000000000000e+00,1.500000000000000000e+00
2.268192202620102904e+01,4.610642021785283262e+00,1.500000000000000000e+00,1.500000000000000000e+00
2.279933221436228763e+01,4.277068903300472513e+00,1.500000000000000000e+00,1.500000000000000000e+00
2.291741869831244216e+01,3.943665670769735065e+00,1.500000000000000000e+00,1.500000000000000000e+00
2.303605063903533434e+01,3.610454142463971117e+00,1.500000000000000000e+00,1.500000000000000000e+00
2.315509726812407010e+01,3.277456207263392152e+00,1.500000000000000000e+00,1.500000000000000000e+00
2.327442774656250890e+01,2.944693824657477865e+00,1.500000000000000000e+00,1.500000000000000000e+00
2.339391130594375667e+01,2.612188812917146663e+00,1.500000000000000000e+00,1.500000000000000000e+00
2.351341724847024750e+01,2.279963060922590934e+00,1.500000000000000000e+00,1.500000000000000000e+00
2.363281466451651980e+01,1.948038528163305028e+00,1.500000000000000000e+00,1.500000000000000000e+00
2.375197384481506191e+01,1.616416768043694940e+00,1.500000000000000000e+00,1.500000000000000000e+00
2.387077115249739379e+01,1.284970825058594945e+00,1.500000000000000000e+00,1.500000000000000000e+00
2.398908542202021010e+01,9.535233286690886212e-01,1.500000000000000000e+00,1.500000000000000000e+00
2.410679562905879436e+01,6.218968377269815662e-01,1.500000000000000000e+00,1.500000000000000000e+00
2.422378053746055571e+01,2.899138404747773068e-01,1.500000000000000000e+00,1.500000000000000000e+00
2.433991898168219237e+01,-4.260303362644052294e-02,1.500000000000000000e+00,1.500000000000000000e+00
2.445509000800827337e+01,-3.758313669434512061e-01,1.500000000000000000e+00,1.500000000000000000e+00
2.456917230967691523e+01,-7.099486006244586367e-01,1.500000000000000000e+00,1.500000000000000000e+00
2.468204486236339790e+01,-1.045132175817671927e+00,1.500000000000000000e+00,1.500000000000000000e+00
2.479358642991513051e+01,-1.381559533671290030e+00,1.500000000000000000e+00,1.500000000000000000e+00
2.490367598800740012e+01,-1.719408256552092285e+00,1.500000000000000000e+00,1.500000000000000000e+00
2.501217373024406498e+01,-2.058854444031763542e+00,1.500000000000000000e+00,1.500000000000000000e+00
2.511665302712244952e+01,-2.399916948790985494e+00,1.500000000000000000e+00,1.500000000000000000e+00
2.521022318854626221e+01,-2.742307684922611344e+00,1.500000000000000000e+00,1.500000000000000000e+00
2.528547786476723402e+01,-3.085702979436838689e+00,1.500000000000000000e+00,1.500000000000000000e+00
2.533501049420929263e+01,-3.429779229953163977e+00,1.500000000000000000e+00,1.500000000000000000e+00
2.535141465651488701e+01,-3.774212834091081881e+00,1.500000000000000000e+00,1.500000000000000000e+00
2.532731118651283708e+01,-4.118666491267634733e+00,1.500000000000000000e+00,1.500000000000000000e+00
2.525856647509123931e+01,-4.461206989705401860e+00,1.500000000000000000e+00,1.500000000000000000e+00
2.514731334649312089e+01,-4.796818810248334231e+00,1.500000000000000000e+00,1.500000000000000000e+00
2.499639940281389983e+01,-5.120134870080653933e+00,1.500000000000000000e+00,1.500000000000000000e+00
2.480867210493048347e+01,-5.425788015777276208e+00,1.500000000000000000e+00,1.500000000000000000e+00
2.458697919615688932e+01,-5.708411305741011077e+00,1.500000000000000000e+00,1.500000000000000000e+00
2.433419136782672965e+01,-5.962351830746225545e+00,1.500000000000000000e+00,1.500000000000000000e+00
2.405345948894015962e+01,-6.178512430963170488e+00,1.500000000000000000e+00,1.500000000000000000e+00
2.374811977788614570e+01,-6.345515407682390752e+00,1.500000000000000000e+00,1.500000000000000000e+00
2.342159346663996899e+01,-6.452348182838039570e+00,1.500000000000000000e+00,1.500000000000000000e+00
2.307958924576709592e+01,-6.499403555915765018e+00,1.500000000000000000e+00,1.500000000000000000e+00
2.273036049407023995e+01,-6.499759285523663443e+00,1.500000000000000000e+00,1.500000000000000000e+00
2.238185195714126152e+01,-6.466746052750070639e+00,1.500000000000000000e+00,1.500000000000000000e+00
2.203678971848585277e+01,-6.408851447415817582e+00,1.500000000000000000e+00,1.500000000000000000e+00
2.169449261027405029e+01,-6.331400681027141708e+00,1.500000000000000000e+00,1.500000000000000000e+00
2.135422092957366758e+01,-6.239664666545533755e+00,1.500000000000000000e+00,1.500000000000000000e+00
2.101523490284323614e+01,-6.138914246323174062e+00,1.500000000000000000e+00,1.500000000000000000e+00
2.067679482715058015e+01,-6.034419909665816206e+00,1.500000000000000000e+00,1.500000000000000000e+00
2.033831302136694674e+01,-5.930367869607079179e+00,1.500000000000000000e+00,1.500000000000000000e+00
1.999970087083219994e+01,-5.827381535576924065e+00,1.500000000000000000e+00,1.500000000000000000e+00
1.966097235618592975e+01,-5.725353934499533004e+00,1.500000000000000000e+00,1.500000000000000000e+00
1.932214131684917291e+01,-5.624178093299097014e+00,1.500000000000000000e+00,1.500000000000000000e+00
1.898322166285224810e+01,-5.523746968290494941e+00,1.500000000000000000e+00,1.500000000000000000e+00
1.864422730422548469e+01,-5.423953657007213991e+00,1.500000000000000000e+00,1.500000000000000000e+00
1.830517200978061609e+01,-5.324691045154846591e+00,1.500000000000000000e+00,1.500000000000000000e+00
1.796606976015725365e+01,-5.225852159657582874e+00,1.500000000000000000e+00,1.500000000000000000e+00
1.762693439477643409e+01,-5.127330027439598759e+00,1.500000000000000000e+00,1.500000000000000000e+00
1.728777975305917280e+01,-5.029017675425087042e+00,1.500000000000000000e+00,1.500000000000000000e+00
1.694861981564508824e+01,-4.930808130538221867e+00,1.500000000000000000e+00,1.500000000000000000e+00
1.660946693916008954e+01,-4.832605929017613988e+00,1.500000000000000000e+00,1.500000000000000000e+00
1.627032423041299936e+01,-4.734385298472065351e+00,1.500000000000000000e+00,1.500000000000000000e+00
1.593119154818523420e+01,-4.636146309510868591e+00,1.500000000000000000e+00,1.500000000000000000e+00
1.559206875125819991e+01,-4.537889103352598319e+00,1.500000000000000000e+00,1.500000000000000000e+00
1.525295569841330945e+01,-4.439613750606548059e+00,1.500000000000000000e+00,1.500000000000000000e+00
1.491385210721342425e+01,-4.341320321882013999e+00,1.500000000000000000e+00,1.500000000000000000e+00
1.457475790704922503e+01,-4.243008887788280781e+00,1.500000000000000000e+00,1.500000000000000000e+00
1.423567281548357322e+01,-4.144679589543931009e+00,1.500000000000000000e+00,1.500000000000000000e+00
1.389659676190716020e+01,-4.046332568367551730e+00,1.500000000000000000e+00,1.500000000000000000e+00
1.355752946388282432e+01,-3.947967894868430250e+00,1.500000000000000000e+00,1.500000000000000000e+00
1.321847078019198385e+01,-3.849585569046565681e+00,1.500000000000000000e+00,1.500000000000000000e+00
1.287942056961606241e+01,-3.751185802729831487e+00,1.500000000000000000e+00,1.500000000000000000e+00
1.254037862032718564e+01,-3.652768666527519859e+00,1.500000000000000000e+00,1.500000000000000000e+00
1.220134479110676828e+01,-3.554334231048918546e+00,1.500000000000000000e+00,1.500000000000000000e+00
1.186231879951765222e+01,-3.455882637512612821e+00,1.500000000000000000e+00,1.500000000000000000e+00
1.152330057495053950e+01,-3.357413885918602237e+00,1.500000000000000000e+00,1.500000000000000000e+00
1.118428983496826845e+01,-3.258928188094759815e+00,1.500000000000000000e+00,1.500000000000000000e+00
1.084528657957084086e+01,-3.160425544041085555e+00,1.500000000000000000e+00,1.500000000000000000e+00
1.050629038510252045e+01,-3.061906165585452477e+00,1.500000000000000000e+00,1.500000000000000000e+00
1.016730132217257321e+01,-2.963370052727854809e+00,1.500000000000000000e+00,1.500000000000000000e+00
9.828319037734562613e+00,-2.864817346686888477e+00,1.500000000000000000e+00,1.500000000000000000e+00
9.489343390569905168e+00,-2.766248118071830575e+00,1.500000000000000000e+00,1.500000000000000000e+00
9.150374239460022707e+00,-2.667662437491973737e+00,1.500000000000000000e+00,1.500000000000000000e+00
8.811411372577024892e+00,-2.569060516775200753e+00,1.500000000000000000e+00,1.500000000000000000e+00
8.472454578093058686e+00,-2.470442285312209219e+00,1.500000000000000000e+00,1.500000000000000000e+00
8.133503785398824348e+00,-2.371808025540169229e+00,1.500000000000000000e+00,1.500000000000000000e+00
7.794558712057154004e+00,-2.273157666849788150e+00,1.500000000000000000e+00,1.500000000000000000e+00
7.455619287458759459e+00,-2.174491421068943442e+00,1.500000000000000000e+00,1.500000000000000000e+00
7.116685158557192636e+00,-2.075809358806918414e+00,1.500000000000000000e+00,1.500000000000000000e+00
6.777756325352442879e+00,-1.977111480063712623e+00,1.500000000000000000e+00,1.500000000000000000e+00
6.438832505407361850e+00,-1.878398067276501271e+00,1.500000000000000000e+00,1.500000000000000000e+00
6.099913557503351846e+00,-1.779669049835981953e+00,1.500000000000000000e+00,1.500000000000000000e+00
5.760999340421830262e+00,-1.680924568960739718e+00,1.500000000000000000e+00,1.500000000000000000e+00
5.422089571725645207e+00,-1.582164836478647363e+00,1.500000000000000000e+00,1.500000000000000000e+00
5.083184110196211414e+00,-1.483389781780422023e+00,1.500000000000000000e+00,1.500000000000000000e+00
4.744282814614944499e+00,-1.384599546084629429e+00,1.500000000000000000e+00,1.500000000000000000e+00
4.405385543763259193e+00,-1.285794341219156811e+00,1.500000000000000000e+00,1.500000000000000000e+00
4.066492015204004495e+00,-1.186974096574706650e+00,1.500000000000000000e+00,1.500000000000000000e+00
3.727602087718576929e+00,-1.088139023979156850e+00,1.500000000000000000e+00,1.500000000000000000e+00
3.388715549479122124e+00,-9.892891940417897212e-01,1.500000000000000000e+00,1.500000000000000000e+00
3.049832329876343451e+00,-8.904246773719031172e-01,1.500000000000000000e+00,1.500000000000000000e+00
2.710952146473070368e+00,-7.915456151880769786e-01,1.500000000000000000e+00,1.500000000000000000e+00
2.372074928660024895e+00,-6.926520074903113056e-01,1.500000000000000000e+00,1.500000000000000000e+00
2.033200323390739861e+00,-5.937440661064790071e-01,1.500000000000000000e+00,1.500000000000000000e+00
1.694328330665224369e+00,-4.948218616458724406e-01,1.500000000000000000e+00,1.500000000000000000e+00
1.355458668046309212e+00,-3.958854647177793007e-01,1.500000000000000000e+00,1.500000000000000000e+00
1.016591194315418445e+00,-2.969350165407846354e-01,1.500000000000000000e+00,1.500000000000000000e+00
6.777256976446697223e-01,-1.979705171148884724e-01,1.500000000000000000e+00,1.500000000000000000e+00
3.388620368154878215e-01,-9.899217826795862762e-02,1.500000000000000000e+00,1.500000000000000000e+00
